{
    "AAE": "Аннаба",
    "AAL": "Ольборг",
    "AAN": "Аль-Айн",
    "AAQ": "Анапа",
    "ABQ": "Альбукерк",
    "ABZ": "Абердин Дайс",
    "ACC": "Акра",
    "ACE": "Лансароте",
    "ADA": "Адана",
    "ADB": "Измир",
    "ADL": "Аделаида",
    "ADQ": "Кадьяк",
    "AEP": "Буэнос айрес",
    "AER": "Сочи",
    "AGA": "Агадир",
    "AGP": "Малага",
    "AGU": "Агуаскальентес",
    "AGY": "Египет",
    "AHU": "Аль Хосейма",
    "AJA": "Аяччо",
    "AJR": "Арвидсъяур",
    "AJU": "Аракажу",
    "ALC": "Аликанте",
    "ALG": "Алжир",
    "ALW": "Уолла Уолла",
    "AMM": "Амман",
    "AMS": "Амстердам",
    "ANC": "Анкоридж",
    "ANR": "Антверпен",
    "ANU": "Антигуа",
    "AOI": "Анкона",
    "AOK": "Карпатос",
    "AQJ": "Акаба",
    "ARN": "Стокгольм",
    "ASR": "Кайсери",
    "ASW": "Асуан",
    "ATH": "Афины",
    "ATL": "Атлант",
    "AUA": "Оранжестад",
    "AUH": "Абу Даби",
    "AUS": "Остин",
    "AYQ": "Айерс-Рок",
    "AYT": "Анталия",
    "AZS": "Саман",
    "BAH": "Бахрейн",
    "BAL": "Балеарские острова",
    "BCN": "Барселона",
    "BDA": "Гамильтон",
    "BDS": "Бриндизи",
    "BEG": "Белград",
    "BEL": "Белене",
    "BER": "Берлин-Бранденбург",
    "BES": "Брест / Гипава",
    "BET": "Вефиль",
    "BEY": "Бейрут",
    "BFS": "Белфаст",
    "BGI": "Бриджтаун",
    "BGO": "Берген",
    "BGY": "Милан / Бергамо",
    "BHD": "Белфаст",
    "BHX": "Бирмингем",
    "BIA": "Бастия / Корсика",
    "BIL": "Биллингс",
    "BIO": "Бильбао",
    "BIQ": "Биарриц/ Англет / Байон",
    "BJA": "Беджая",
    "BJL": "Банджульский",
    "BJV": "Бодрум",
    "BJX": "Силао",
    "BKI": "Кота-Кинабалу",
    "BKK": "Бангкок",
    "BLI": "Беллингхемы",
    "BLL": "Биллунд",
    "BLQ": "Болонья",
    "BLR": "Бангалор",
    "BNA": "Нэшвилл",
    "BNE": "Брисбен",
    "BNX": "Баня-Лука",
    "BOD": "Бордо / Мериньяк",
    "BOG": "Богота",
    "BOH": "Борнмут",
    "BOI": "Бойс",
    "BOJ": "Бургас",
    "BOM": "Мумбаи",
    "BON": "Кралендейк",
    "BOO": "Бодо",
    "BOS": "Бостон",
    "BPS": "Порто Сегуро",
    "BRE": "Вердер",
    "BRI": "Бари",
    "BRN": "Берн",
    "BRQ": "Брно",
    "BRS": "Бристоль",
    "BRU": "Брюссель",
    "BRW": "Барроу",
    "BSB": "Бразилия",
    "BSL": "Базель",
    "BTS": "Братислава",
    "BUD": "Будапешт",
    "BUF": "Баффало",
    "BUG": "Болгария",
    "BUR": "Бербанк",
    "BVC": "Рабил",
    "BWI": "Балтимор",
    "BXN": "Бодрум",
    "BZG": "Быдгощ",
    "BZN": "Бозман",
    "CAG": "Кальяри / Сардиния",
    "CAI": "Каир",
    "CAN": "Канарейки",
    "CCC": "Кайо Коко",
    "CCU": "Калькутта",
    "CDG": "Париж-де-Голль",
    "CDK": "Гонконг",
    "CEI": "Чианг Рай",
    "CEK": "Челябинск",
    "CFE": "Клермон-Ферран Овернь",
    "CFU": "Корф",
    "CGB": "Куяба",
    "CGH": "Сан-Паулу",
    "CGK": "Джакарта",
    "CGN": "Кельн",
    "CGR": "Кампо Гранде",
    "CHQ": "Ханья - Крит",
    "CHS": "Чарльстон",
    "CID": "Сидар-Рапидс",
    "CIY": "Comiso",
    "CJS": "Сьюдад-Хуарес",
    "CLE": "Кливленд",
    "CLJ": "Клуж-Напока",
    "CLT": "Шарлотт",
    "CLY": "Кальви / Сент-Катрин",
    "CMB": "Коломбо",
    "CMF": "Шамбери / Экс-ле-Бен",
    "CMH": "Коламбус",
    "CMN": "Касабланка",
    "CND": "Михаил Когальничану-Констанца",
    "CNF": "Белу-Оризонти",
    "CNS": "Кэрнс",
    "CNX": "Чиангмай",
    "COK": "Навал",
    "COR": "Кордова",
    "CPH": "Копенгаген",
    "CPT": "Кейптаун",
    "CRL": "Брюссель Шарлеруа",
    "CSO": "Магдебург-Кохштедт",
    "CTA": "Катания",
    "CTG": "Картахена",
    "CTU": "Чэнду",
    "CUN": "Канкун",
    "CUR": "Вилленсдам",
    "CUU": "Чихуахуа",
    "CVG": "Цинциннати",
    "CWB": "Куритиба",
    "CWL": "Кардифф",
    "CXR": "Нячанг",
    "CZL": "Константин",
    "DAD": "Да Нанг",
    "DAR": "Дар-эс-Салам",
    "DAY": "Дейтон",
    "DBV": "Дубровник",
    "DCA": "Вашингтон",
    "DEB": "Дебрецен",
    "DEL": "Нью-Дели",
    "DEN": "Денвер",
    "DFW": "Даллас",
    "DIY": "Диярбакыр",
    "DJE": "Джерба",
    "DKR": "Дакар",
    "DLM": "Даламан",
    "DME": "Москва-Домодедова",
    "DMM": "Даммам",
    "DNZ": "Денизли",
    "DOH": "Доха",
    "DOL": "Довиль",
    "DOM": "Дом.",
    "DPS": "Денпасар / Бали",
    "DRS": "Дрезден",
    "DRW": "Дарвин",
    "DSA": "Донкастер",
    "DSM": "Де-Мойн",
    "DTM": "Боруссия",
    "DTW": "Детройт",
    "DUB": "Дублин",
    "DUR": "Дурбан",
    "DUS": "Дюссельдорф",
    "DWC": "ОАЭ",
    "DXB": "Дубай",
    "EAS": "Хондаррибия",
    "EAT": "Венатчи",
    "EBL": "Эрбиль",
    "ECN": "Никосия",
    "EDI": "Эдинбург",
    "EDO": "Эдремит",
    "EFL": "Кефалония",
    "EGC": "Бержерак / Roumanière",
    "EIN": "Эйндховен",
    "EIS": "Терренс Б. Летцем",
    "EMA": "Ноттингем",
    "EPS": "Эль Портильо",
    "ERC": "Эрзинджан",
    "ERF": "Эрфурт",
    "ERZ": "Эрзурум",
    "ESB": "Анкара",
    "ESU": "Эс",
    "ETZ": "Мец / Нанси",
    "EUG": "Евгений",
    "EVE": "Харстад / Нарвик",
    "EWR": "Нью-Йорк / Ньюарк",
    "EXT": "Эксетер",
    "EYW": "Ки-Уэст",
    "EZE": "Буэнос айрес",
    "EZS": "Элязыг",
    "FAI": "Фэрбенкс",
    "FAO": "Фараон",
    "FAT": "Фресно",
    "FCA": "Калиспелла",
    "FCN": "Куксхавен-Nordholz",
    "FCO": "Рим Фьюмичино",
    "FDF": "Форт-де-Франс",
    "FDH": "Фридрихсхафен",
    "FEN": "Фернандо де Норонья",
    "FEZ": "Фес",
    "FKB": "Баден-Баден",
    "FLL": "Форт Лодердейл",
    "FLN": "Флорианополис",
    "FLR": "Флоренция",
    "FMM": "Мемминген",
    "FMO": "Мюнстер / Оснабрюк",
    "FNB": "Нойбранденбург",
    "FNC": "Фуншал-Мадейра",
    "FOR": "Форталеза",
    "FPO": "Свободный порт",
    "FRA": "Франкфурт",
    "FSC": "Фигари-Суд-Корс",
    "FUE": "Фуэртевентура",
    "GAN": "Ган Исландия / Мальдивы",
    "GCI": "Порт Святого Петра",
    "GCM": "Джорджтаун",
    "GDL": "Гвадалахара",
    "GDN": "Гданьск",
    "GEG": "Спокан",
    "GIB": "Гибралтар",
    "GIG": "Рио де Жанейро",
    "GLA": "Глазго",
    "GNB": "Гренобль / Saint-Geoirs",
    "GND": "Святой Георгий",
    "GNY": "Шанлыурфа",
    "GOA": "Генуя",
    "GOI": "ГОА",
    "GOT": "Гетеборг",
    "GPA": "Араксос",
    "GRI": "Греция",
    "GRL": "Греция",
    "GRO": "Жирона",
    "GRQ": "Гронинген",
    "GRR": "Великие пороги",
    "GRU": "Сан-Паулу",
    "GRX": "Гранада",
    "GRZ": "Грац",
    "GUA": "Город Гватемала",
    "GVA": "Женева",
    "GWT": "Зильт",
    "GYE": "Гуаякиль",
    "GYN": "Гояния",
    "GZP": "Газипаша",
    "GZT": "Газиантеп",
    "HAJ": "Ганновер",
    "HAM": "Гамбург",
    "HAN": "Ханой",
    "HAV": "Гавана / Куба",
    "HDF": "Херингсдорфа",
    "HEL": "Хельсинки",
    "HER": "Ираклион / Крит",
    "HHN": "Франкфурт / Хан",
    "HKG": "Гонконг",
    "HKT": "Пхукет",
    "HLN": "Хелена",
    "HND": "Токио",
    "HNL": "Гонолулу",
    "HOG": "Ольгин",
    "HRG": "Хургада",
    "HTY": "Хатай",
    "HYD": "Хайдарабад",
    "IAD": "Вашингтон",
    "IAH": "Хьюстон",
    "IBZ": "Ибица",
    "ICN": "Сеул",
    "ICT": "Уичито",
    "IEV": "Киев",
    "IFN": "Исфахан",
    "IGU": "Фос-ду-Игуасу",
    "IKA": "Тегеран имам Хомейни",
    "IKT": "Иркутск",
    "IND": "Индианаполис",
    "INN": "Инсбрук",
    "INV": "Атаки",
    "IOM": "Остров Мэн",
    "ISB": "Исламабад",
    "IST": "Стамбул",
    "ISU": "Сулеймания",
    "JAX": "Джексонвилл",
    "JDO": "Жуазейру-ду-Норти",
    "JED": "Джидда",
    "JER": "Святой Хельер",
    "JFK": "Нью-Йорк / Дж. Ф. Кеннеди",
    "JKG": "Йёнчёпинг",
    "JKH": "Остров Хиос",
    "JMK": "Миконос",
    "JNB": "Йоханнесбург",
    "JNU": "Джуно",
    "JPA": "Жоао Пессоа",
    "JRO": "Аруша",
    "JSI": "Скиатос",
    "JTR": "Санторини",
    "KAC": "Канарейки",
    "KAN": "Канарейки",
    "KBP": "Киев",
    "KBV": "Краби",
    "KCH": "Кучинг",
    "KEF": "Рейкьявик",
    "KGD": "Калининград",
    "KGS": "Кос",
    "KHI": "Карачи",
    "KIX": "Осака",
    "KLU": "Клагенфурт",
    "KLV": "Карловы Вары",
    "KLX": "Каламата",
    "KRK": "Краков",
    "KRO": "Хорватия",
    "KRR": "Краснодар",
    "KSC": "Кошице",
    "KSF": "Кассель-Кальден",
    "KTM": "Катманду",
    "KTN": "Кетчикано",
    "KTT": "Киттиля",
    "KTW": "Катовице",
    "KUA": "Куантане",
    "KUB": "Куба",
    "KUF": "Самара",
    "KUL": "Куала-Лумпур",
    "KVA": "Кавала",
    "KWI": "Кувейт",
    "KYA": "Конья",
    "KZN": "Казань",
    "KZR": "Зафер",
    "LAS": "Лас Вегас",
    "LAX": "Лос-Анджелес",
    "LBA": "Лидс",
    "LBC": "Любек",
    "LCA": "Ларнака / Кипр",
    "LCG": "Кульередо",
    "LCJ": "Лодзь",
    "LCY": "Лондон Сити",
    "LDE": "Тарб / Лурдес / Пиренеи",
    "LED": "Санкт-Петербург",
    "LEI": "Альмерия",
    "LEJ": "Лейпциг",
    "LGA": "Нью-Йорк / Ла-Гардиа",
    "LGB": "Длинный пляж",
    "LGG": "Льеж / Льеж",
    "LGK": "Лангкави",
    "LGW": "Лондон-Гатвик",
    "LHE": "Лахор",
    "LHR": "Лондон Хитроу",
    "LIL": "Лилль / Lesquin",
    "LIM": "Лима",
    "LIN": "Милан",
    "LIR": "Либерия",
    "LIS": "Лиссабон",
    "LJU": "Любляна",
    "LMP": "Лампедуза",
    "LNZ": "Линц",
    "LOP": "Матары",
    "LPA": "Лас-Пальмас",
    "LPL": "Ливерпуль",
    "LPQ": "Луанг Фабанг",
    "LRH": "Ла-Рошель / Иль де Ре",
    "LRM": "Ла Романа",
    "LTN": "Лондон Лутон",
    "LUG": "Лугано",
    "LUX": "Люксембург",
    "LUZ": "Люблин",
    "LWO": "Львы",
    "LWS": "Льюистон",
    "LXR": "Луксор",
    "LYS": "Лион",
    "MAA": "Ченнаи",
    "MAD": "Мадрид",
    "MAH": "Махон",
    "MAN": "Манчестер",
    "MAO": "Манаус",
    "MAR": "Маракайбо",
    "MBA": "Момбаса",
    "MBJ": "Монтего-Бей",
    "MCI": "Канзас-Сити",
    "MCO": "Орландо",
    "MCT": "Мускат",
    "MCZ": "Масейо",
    "MEL": "Мельбурн",
    "MEX": "Мехико",
    "MFM": "Макао",
    "MFR": "Медфорд",
    "MGA": "Манагуа",
    "MIA": "Майами, Флорида",
    "MIR": "Монастир",
    "MJT": "Лесбос",
    "MJV": "Мурсия",
    "MKE": "Милуоки",
    "MLA": "Мальта",
    "MLE": "Мужчина / Мальдивы",
    "MLH": "Базель-Мюлуз",
    "MLX": "Малатия",
    "MNL": "Манила",
    "MPL": "Монпелье / Медитеране",
    "MQM": "Мардин",
    "MRS": "Марсель",
    "MRU": "Маврикий",
    "MRY": "Монтерей",
    "MSN": "Мэдисон",
    "MSO": "Missoula",
    "MSP": "Миннеаполис",
    "MSQ": "Минск",
    "MST": "Маастрихт",
    "MSY": "Жители Нового Орлеана",
    "MTY": "Монтеррей",
    "MUC": "Мюнхен",
    "MVD": "Монтевидео",
    "MXP": "Милан-Малпенса",
    "MZH": "Амасие",
    "NAF": "Северная Африка",
    "NAP": "Неаполь",
    "NAS": "Нассау",
    "NAT": "Натал",
    "NAV": "Nevşehir",
    "NBE": "Энфида",
    "NBO": "Найроби",
    "NCE": "Ницца",
    "NCL": "Ньюкасл",
    "NDR": "Надор",
    "NGO": "Токонамэ",
    "NQY": "Ньюквей Корнуолл",
    "NRN": "Аэропорт Нидерхейн-Визе",
    "NRT": "Токио",
    "NTE": "Нант",
    "NUE": "Нюрнберг",
    "NVT": "Навегантис",
    "NWI": "Норвич",
    "NYC": "Нью-Йорк",
    "OAK": "Окленд",
    "OGG": "Кахулуи",
    "OGU": "Орду Гиресун",
    "OHD": "Охрид",
    "OLB": "Ольбия / Сардиния",
    "OMA": "Омаха",
    "OME": "Нома",
    "ONQ": "Зонгулдак",
    "ONT": "Онтарио",
    "OOL": "Золотое побережье",
    "OPO": "-",
    "ORD": "Чикаго",
    "ORN": "Оран",
    "ORY": "Париж Орли",
    "OSD": "Эстерсунд",
    "OSI": "Осиек",
    "OSL": "Осло",
    "OSR": "Острава",
    "OST": "Остенде",
    "OTP": "Букарест Отопени",
    "OTZ": "Коцебу",
    "OUD": "Ужда",
    "OVB": "Новосибирск",
    "OVD": "Ранон",
    "PAD": "Падерборн",
    "PAR": "Париж",
    "PAV": "Пауло Афонсо",
    "PBC": "Пуэбла",
    "PBI": "Монтерей",
    "PDL": "Понта-Делгада",
    "PDX": "Портленд",
    "PED": "Пардубице",
    "PEE": "Пермь",
    "PEG": "Перуджа",
    "PEK": "Пекин",
    "PER": "Перт",
    "PFO": "Пафос",
    "PHL": "Филадельфия",
    "PHX": "Феникс",
    "PIT": "Питтсбург",
    "PLS": "Остров Провиденсиалис",
    "PMI": "Пальма де Майорка",
    "PMO": "Палермо",
    "PNA": "Памплона",
    "PNH": "Пномпень",
    "PNQ": "Пуна",
    "PNZ": "Петролина",
    "POA": "Порту-Алегри",
    "POP": "Пуэрто-Плата",
    "POS": "Порт Испании",
    "POZ": "Позен",
    "PQC": "Дуонг Донг",
    "PRG": "Прага",
    "PRI": "Остров Праслин",
    "PRN": "Приштина",
    "PSA": "Пиза",
    "PSC": "Паско",
    "PSP": "Палм-Спрингс",
    "PSR": "Пескара",
    "PTP": "Пуэнт-а-Питр-ле-Райзет",
    "PTY": "Панама",
    "PUF": "По",
    "PUJ": "Пунта-Кана",
    "PUW": "Пульман/ Москва",
    "PUY": "Пула",
    "PVD": "Провиденс",
    "PVG": "Шанхай",
    "PVH": "Порто Велью",
    "PVK": "Превеза",
    "PWM": "Портленд",
    "PXO": "Вила-Балейра",
    "QJZ": "Аэропорт Нант Атлантик",
    "QKL": "Кельнский вокзал",
    "QRO": "Керетаро",
    "QXG": "Станция Анжер Сен-Лоу",
    "RAI": "Прая",
    "RAK": "Марракеш",
    "RBA": "Рабат",
    "RBR": "Рио-Бранко",
    "RDM": "Рэдмонд",
    "RDU": "Роли / Дарем",
    "REC": "Ресифе",
    "REG": "Реджио Калабрия",
    "REP": "Сиемреап",
    "REU": "Реус",
    "REW": "Региональный Запад",
    "RGN": "Янгон",
    "RHO": "Родос",
    "RIC": "Ричмонд",
    "RIO": "Рио де Жанейро",
    "RIX": "Рига",
    "RJK": "Риека",
    "RKT": "Рас-Аль-Хайма",
    "RLG": "Росток-Лааге",
    "RMF": "Марса Алам",
    "RMI": "Римини",
    "RNO": "Рено",
    "RNS": "Ренн / Сен-Жак",
    "ROM": "Рим",
    "ROV": "Ростов-на-Дону",
    "RSW": "Форт-Майерс",
    "RTM": "Роттердам",
    "RUH": "Эр-Рияд",
    "RUN": "Св. Денис",
    "RVN": "Рованиеми",
    "RZE": "Жешув",
    "SAL": "Санта-Клара",
    "SAN": "Сан Диего",
    "SAP": "Ла Меса",
    "SAW": "Стамбул-Сабиха",
    "SBA": "Санта Барбара",
    "SBZ": "Сибиу",
    "SCC": "Мертвая лошадь",
    "SCL": "Сантьяго",
    "SCN": "Саарбрюккен",
    "SCQ": "Сантьяго-де-Компостела",
    "SDF": "Луисвилл",
    "SDQ": "Санто-Доминго",
    "SDR": "Сантандер",
    "SEA": "Сиэтл",
    "SEN": "Саутенд",
    "SEZ": "Остров Маэ",
    "SFB": "Орландо",
    "SFO": "Сан-Франциско",
    "SGF": "Спрингфилд",
    "SGN": "Хошимин Сити",
    "SHJ": "Шарджа",
    "SID": "Эшпаргуш",
    "SIN": "Сингапур",
    "SJC": "Сан - Хосе",
    "SJJ": "Сараево",
    "SJO": "Сан - Хосе",
    "SJU": "Сан-Хуан",
    "SKG": "Салоники",
    "SKP": "Скопье",
    "SLC": "Солт-Лейк-Сити",
    "SLD": "Слиач",
    "SLL": "Салала",
    "SLP": "Сан-Луис Потоси",
    "SLZ": "Сан-Луис",
    "SMF": "Сакраменто",
    "SMI": "Самос",
    "SNA": "Санта-Ана",
    "SNU": "Санта-Клара",
    "SOB": "Балатон / Балатон",
    "SOC": "Сукарата (Соло) - остров Ява",
    "SOF": "София",
    "SOU": "Саутгемптон",
    "SPC": "Санта-Крус / Ла-Пальма",
    "SPN": "Спан. Материк",
    "SPP": "Sp.Festl. & Portugal",
    "SPU": "Трещина",
    "SSA": "Сальвадор",
    "SSH": "Шарм-эль-Шейх",
    "STI": "Сантьяго",
    "STL": "Святой Луи",
    "STN": "Лондон Станстед",
    "STR": "Штутгарт",
    "STS": "Санта-Роза",
    "STT": "Шарлотта Амалия",
    "SUF": "Ламеция-Терме",
    "SVG": "Ставангер",
    "SVO": "Москва-Шереметьево",
    "SVQ": "Севилья",
    "SVX": "Екатеринбург",
    "SXB": "Страсбург",
    "SXF": "Берлин-Шонефельд",
    "SXM": "Святой Мартин",
    "SYD": "Сидней",
    "SYX": "Саня",
    "SZF": "Самсун",
    "SZG": "Зальцбург",
    "TAB": "Тобаго",
    "TCI": "Тенерифе",
    "TCP": "Таб",
    "TDX": "Траты",
    "TER": "Lajes",
    "TFN": "Тенерифе Север",
    "TFS": "Тенерифе",
    "TGD": "Подгорица",
    "TGG": "Куала-Теренггану",
    "TGU": "Тегусигальпа",
    "THE": "Терезин",
    "TIA": "Тирана",
    "TIJ": "Тихуана",
    "TIV": "Тиват",
    "TKU": "Турку",
    "TLC": "Толука",
    "TLH": "Таллахасси",
    "TLL": "Таллинн",
    "TLM": "Тлемсен",
    "TLN": "Тулон",
    "TLS": "Тулуза",
    "TLV": "Тель-Авив",
    "TMP": "Тампере",
    "TNG": "Танжер",
    "TOS": "Тромсе",
    "TPA": "Тампа",
    "TPE": "Тайбэй",
    "TRK": "Турция",
    "TRN": "Турин",
    "TRS": "Триест",
    "TRV": "Тривандрум",
    "TTU": "Тетуан",
    "TUE": "Турция",
    "TUL": "Талса",
    "TUN": "Тунис",
    "TUS": "Тунис",
    "TXL": "Берлин-Тегель",
    "TYS": "Ноксвилл",
    "TZX": "Трабзон",
    "UFA": "Уфа",
    "UIO": "Кито",
    "USM": "Самуй",
    "UVF": "Вьё-Фор",
    "VAR": "Варна",
    "VAS": "Сивас",
    "VCE": "Венеция",
    "VCP": "Кампинас",
    "VDE": "Эль Йерро",
    "VER": "Веракрус",
    "VFA": "Водопад Виктория",
    "VGO": "Вий",
    "VIE": "Вена",
    "VIX": "Виториа",
    "VLC": "Валенсия",
    "VLL": "Вальядолид",
    "VNO": "Вильнюс",
    "VOL": "Волосы",
    "VOZ": "Воронеж",
    "VRA": "Варадеро / Куба",
    "VRN": "Верона",
    "VTE": "Вьентьян",
    "VVI": "Санта Круз",
    "VXE": "Сезария Эвора",
    "WAW": "Варшава",
    "WDH": "Виндхук",
    "WRO": "Вроцлав",
    "XCR": "Шалон / Ватри",
    "XDB": "Станция Лилль Европа",
    "XER": "Страсбургский автовокзал Бульвар де Мец",
    "XFA": "Станция Лилль Фландрия",
    "XHK": "Станция Валенсия ТЖВ",
    "XIZ": "Станция Шампань-Арденны",
    "XNB": "Дубай",
    "XOP": "Станция Пуатье",
    "XPJ": "Станция Монпелье",
    "XRF": "Станция Марсель",
    "XRY": "Херес-де-ла-Фронтера",
    "XSH": "Экскурсии по городу Сен-Пьер-де-Корпус",
    "XWG": "Вокзал Страсбург",
    "XYD": "Станция Лион Пар-Дье",
    "XZN": "Station Avignon",
    "YBR": "Брэндон",
    "YCD": "Ненеймо",
    "YDF": "Оленье озеро",
    "YEG": "Эдмонтон",
    "YFC": "Фредериктон",
    "YHM": "Гамильтон",
    "YHZ": "Галифакс",
    "YKA": "Камлопс",
    "YKM": "Яким",
    "YKS": "Якутск",
    "YLW": "Келоуна",
    "YMM": "Форт МакМюррей",
    "YOW": "Оттава",
    "YQB": "Квебек",
    "YQM": "Монктон",
    "YQQ": "Комокс",
    "YQR": "Регина",
    "YQT": "Гром-Бей",
    "YQU": "Гранд-Прери",
    "YQY": "Сидней",
    "YUL": "Монреаль",
    "YVR": "Ванкувер",
    "YWG": "Виннипег",
    "YXE": "Саскачеван",
    "YXJ": "Форт Св. Иоанн",
    "YXS": "Принц-Джордж",
    "YXT": "Терраса",
    "YXX": "Эбботсфорд",
    "YXY": "Уайтхорсс",
    "YYC": "Калгари",
    "YYG": "Шарлоттаун",
    "YYJ": "Виктория",
    "YYT": "Св. Иоанн",
    "YYZ": "Торонто",
    "YZF": "Еллоунайф",
    "ZAD": "Задар",
    "ZAG": "Загреб",
    "ZAQ": "Центральный вокзал Нюрнберга",
    "ZAZ": "Сарагоса",
    "ZFJ": "Станция Ренн",
    "ZFQ": "Станция Бордо",
    "ZLN": "Станция Ле-Ман",
    "ZNZ": "Занзибар",
    "ZQW": "Два моста",
    "ZRH": "Цюрих",
    "ZTH": "Закинф",
    "ZYN": "Станция Ним",
    "ZYP": "Кипр",
    "ZYR": "Станция Брюссель Юг"
}
